first_name,last_name,mail-id
aishwarya,balan,aishu@999
banu,priya,banu@444
chitra,kumar,chitra@010
deepika,ramani,deepi@787
harish,kumar,harish@888
prasath,soundarya,prasad@96
karthi,dhana,karthi@777
preethi,karthii,preethi@86
pravi,jeeva,pravi@222
